{"cameraMode":{"drawMode":0,"name":"Shaded","section":"Shading Mode"},"sceneLighting":false,"audioPlay":false,"sceneViewState":{"m_AlwaysRefresh":false,"showFog":true,"showSkybox":false,"showFlares":true,"showImageEffects":true,"showParticleSystems":true,"showVisualEffectGraphs":true,"m_FxEnabled":true},"in2DMode":false,"pivot":{"x":0.000014185905456542969,"y":0.03017479181289673,"z":-0.00003625452518463135},"rotation":{"x":-0.1029566153883934,"y":-0.11223595589399338,"z":0.011693313717842102,"w":-0.9882515072822571},"size":0.3704744279384613,"orthographic":false}