{"cameraMode":{"drawMode":0,"name":"Shaded","section":"Shading Mode"},"sceneLighting":false,"audioPlay":false,"sceneViewState":{"m_AlwaysRefresh":false,"showFog":true,"showSkybox":false,"showFlares":true,"showImageEffects":true,"showParticleSystems":true,"showVisualEffectGraphs":true,"m_FxEnabled":true},"in2DMode":false,"pivot":{"x":0.11280012130737305,"y":0.45799997448921206,"z":-0.2334003448486328},"rotation":{"x":-0.2437102049589157,"y":-0.15112364292144776,"z":0.03847599774599075,"w":-0.9572162628173828},"size":2.6700034141540529,"orthographic":false}