{"cameraMode":{"drawMode":0,"name":"Shaded","section":"Shading Mode"},"sceneLighting":false,"audioPlay":false,"sceneViewState":{"m_AlwaysRefresh":false,"showFog":true,"showSkybox":true,"showFlares":true,"showImageEffects":true,"showParticleSystems":true,"showVisualEffectGraphs":true,"m_FxEnabled":true},"in2DMode":false,"pivot":{"x":-9.603706359863282,"y":3.697819471359253,"z":-41.586368560791019},"rotation":{"x":0.0007496572798117995,"y":0.9945155382156372,"z":0.007156075444072485,"w":-0.10418838262557984},"size":26.707988739013673,"orthographic":false}