{"cameraMode":{"drawMode":0,"name":"Shaded","section":"Shading Mode"},"sceneLighting":false,"audioPlay":false,"sceneViewState":{"m_AlwaysRefresh":false,"showFog":true,"showSkybox":true,"showFlares":true,"showImageEffects":true,"showParticleSystems":true,"showVisualEffectGraphs":true,"m_FxEnabled":true},"in2DMode":false,"pivot":{"x":-4.734978675842285,"y":-14.375663757324219,"z":2.8991174697875978},"rotation":{"x":0.27927255630493166,"y":-0.7207072377204895,"z":0.44565755128860476,"w":0.4516363739967346},"size":21.441848754882814,"orthographic":false}