{"cameraMode":{"drawMode":0,"name":"Shaded","section":"Shading Mode"},"sceneLighting":false,"audioPlay":false,"sceneViewState":{"m_AlwaysRefresh":false,"showFog":true,"showSkybox":false,"showFlares":true,"showImageEffects":true,"showParticleSystems":true,"showVisualEffectGraphs":true,"m_FxEnabled":true},"in2DMode":false,"pivot":{"x":1.3500179052352906,"y":0.5310503244400024,"z":-0.07220214605331421},"rotation":{"x":-0.27191752195358279,"y":0.5302461385726929,"z":-0.18447642028331757,"w":-0.7815843224525452},"size":1.4570146799087525,"orthographic":false}